ID,PackageID,Version
0,0,0.1.0
1,1,0.1.0
2,2,0.1.0
3,0,0.1.0
4,4,0.1.0
5,5,0.1.0
6,6,0.1.0
7,7,0.1.0
8,8,0.1.0
9,9,0.1.0
10,10,0.1.0
11,11,0.1.0
12,12,0.1.0
13,13,0.1.0
14,14,0.1.0
15,15,0.1.0
16,16,1.7.0
17,16,1.7.1
18,17,3.3.0
19,18,4.0.0
20,19,0.1.0
21,20,1.2.2
22,21,0.1.1
23,21,1.0.1
24,22,0.4.0
25,23,0.6.1
26,24,2.3.0
27,25,3.0.0
28,26,2.1.2
29,27,0.2.3
30,28,0.2.0
31,29,0.1.2
32,30,0.1.0
33,31,0.1.0
34,32,0.1.0
35,33,0.4.0
36,34,0.4.1
37,35,1.0.0
38,36,0.0.0
39,37,2.1.0
40,38,0.1.0
41,39,0.3.0
42,40,0.2.2
43,41,7.2.2
0,0,0.1.0
1,1,0.1.0
2,2,0.1.0
3,0,0.1.0
4,4,0.1.0
5,5,0.1.0
6,6,0.1.0
7,7,0.1.0
8,8,0.1.0
9,9,0.1.0
10,10,0.1.0
11,11,0.1.0
12,12,0.1.0
13,13,0.1.0
14,14,0.1.0
15,15,0.1.0
16,16,1.7.0
17,16,1.7.1
18,17,3.3.0
19,18,4.0.0
20,19,0.1.0
21,20,1.2.2
22,21,0.1.1
23,21,1.0.1
24,22,0.4.0
25,23,0.6.1
26,24,2.3.0
27,25,3.0.0
28,26,2.1.2
29,27,0.2.3
30,28,0.2.0
31,29,0.1.2
32,30,0.1.0
33,31,0.1.0
34,32,0.1.0
35,33,0.4.0
36,34,0.4.1
37,35,1.0.0
38,36,0.0.0
39,37,2.1.0
40,38,0.1.0
41,39,0.3.0
42,40,0.2.2
43,41,7.2.2
0,0,0.1.0
1,1,0.1.0
2,2,0.1.0
3,0,0.1.0
4,4,0.1.0
5,5,0.1.0
6,6,0.1.0
7,7,0.1.0
8,8,0.1.0
9,9,0.1.0
10,10,0.1.0
11,11,0.1.0
12,12,0.1.0
13,13,0.1.0
14,14,0.1.0
15,15,0.1.0
16,16,1.7.0
17,16,1.7.1
18,17,3.3.0
19,18,4.0.0
20,19,0.1.0
21,20,1.2.2
22,21,0.1.1
23,21,1.0.1
24,22,0.4.0
25,23,0.6.1
26,24,2.3.0
27,25,3.0.0
28,26,2.1.2
29,27,0.2.3
30,28,0.2.0
31,29,0.1.2
32,30,0.1.0
33,31,0.1.0
34,32,0.1.0
35,33,0.4.0
36,34,0.4.1
37,35,1.0.0
38,36,0.0.0
39,37,2.1.0
40,38,0.1.0
41,39,0.3.0
42,40,0.2.2
43,41,7.2.2
0,0,0.1.0
1,1,0.1.0
2,2,0.1.0
3,0,0.1.0
4,4,0.1.0
5,5,0.1.0
6,6,0.1.0
7,7,0.1.0
8,8,0.1.0
9,9,0.1.0
10,10,0.1.0
11,11,0.1.0
12,12,0.1.0
13,13,0.1.0
14,14,0.1.0
15,15,0.1.0
16,16,1.7.0
17,16,1.7.1
18,17,3.3.0
19,18,4.0.0
20,19,0.1.0
21,20,1.2.2
22,21,0.1.1
23,21,1.0.1
24,22,0.4.0
25,23,0.6.1
26,24,2.3.0
27,25,3.0.0
28,26,2.1.2
29,27,0.2.3
30,28,0.2.0
31,29,0.1.2
32,30,0.1.0
33,31,0.1.0
34,32,0.1.0
35,33,0.4.0
36,34,0.4.1
37,35,1.0.0
38,36,0.0.0
39,37,2.1.0
40,38,0.1.0
41,39,0.3.0
42,40,0.2.2
43,41,7.2.2
0,0,0.1.0
1,1,0.1.0
2,2,0.1.0
